person_id,first_name,last_name,email
1,Ana,Andersson,ana.andersson@yrkesco.se
2,Bob,Bobson,bob.bobson@yrkesco.se
3,Cissi,Carlsson,cissi.carlsson@yrkesco.se
4,David,Davidsson,david.davidsson@yrkesco.se
5,Eva,Eriksson,eva.eriksson@yrkesco.se
6,Fredrik,Fredriksson,fredrik.fredriksson@yrkesco.se
7,Greta,Gustavsson,greta.gustavsson@yrkesco.se
8,Håkan,Håkansson,hakan.hakansson@yrkesco.se
9,Ingrid,Isaksson,ingrid.isaksson@yrkesco.se
10,Johan,Johansson,johan.johansson@yrkesco.se
11,Karin,Karlsson,karin.karlsson@yrkesco.se
12,Lars,Larsson,lars.larsson@yrkesco.se
13,Maria,Magnusson,maria.magnusson@yrkesco.se
14,Niklas,Nilsson,niklas.nilsson@yrkesco.se
15,Olivia,Olsson,olivia.olsson@yrkesco.se
16,Peter,Pettersson,peter.pettersson@yrkesco.se
17,Quirina,Qvist,quirina.qvist@yrkesco.se
18,Robert,Runesson,robert.runesson@yrkesco.se
19,Sara,Svensson,sara.svensson@yrkesco.se
20,Tomas,Törnqvist,tomas.tornqvist@yrkesco.se
21,Ursula,Udd,ursula.udd@yrkesco.se
22,Viktor,Vesterlund,viktor.vesterlund@yrkesco.se
23,Wilma,Wallin,wilma.wallin@yrkesco.se
24,Xavier,Xylander,xavier.xylander@yrkesco.se
25,Ylva,Yngvesson,ylva.yngvesson@yrkesco.se
26,Zlatan,Zachrisson,zlatan.zachrisson@yrkesco.se
27,Åsa,Åberg,asa.aberg@yrkesco.se
28,Ägir,Äng,agir.ang@yrkesco.se
29,Örjan,Östberg,orjan.ostberg@yrkesco.se
30,Adam,Ahlgren,adam.ahlgren@yrkesco.se
31,Beata,Bergman,beata.bergman@yrkesco.se
32,Carl,Dahlberg,carl.dahlberg@yrkesco.se
33,Diana,Ekström,diana.ekstrom@yrkesco.se
34,Elias,Falk,elias.falk@yrkesco.se
35,Fanny,Granath,fanny.granath@yrkesco.se
36,Gustav,Hallberg,gustav.hallberg@yrkesco.se
37,Helena,Isgren,helena.isgren@yrkesco.se
38,Ivar,Jansson,ivar.jansson@yrkesco.se
39,Jenny,Kjellberg,jenny.kjellberg@yrkesco.se
40,Karl,Lindberg,karl.lindberg@yrkesco.se
41,Lena,Moberg,lena.moberg@yrkesco.se
42,Magnus,Nordström,magnus.nordstrom@yrkesco.se
43,Nina,Ohlsson,nina.ohlsson@yrkesco.se
44,Oscar,Persson,oscar.persson@yrkesco.se
45,Petra,Renström,petra.renstrom@yrkesco.se
46,Rasmus,Sandberg,rasmus.sandberg@yrkesco.se
47,Sofia,Tallberg,sofia.tallberg@yrkesco.se
48,Simon,Uddenberg,simon.uddenberg@yrkesco.se
49,Tove,Viklund,tove.viklund@yrkesco.se
50,Ulf,Wahlgren,ulf.wahlgren@yrkesco.se
51,Elsa,Sundqvist,elsa.sundqvist@yrkesco.se
52,Filip,Ström,filip.strom@yrkesco.se
53,Göran,Sjöberg,goran.sjoberg@yrkesco.se
54,Hanna,Lindqvist,hanna.lindqvist@yrkesco.se
55,Isak,Lundin,isak.lundin@yrkesco.se
56,Julia,Nyberg,julia.nyberg@yrkesco.se
57,Kent,Palm,kent.palm@yrkesco.se
58,Lisa,Qvarnström,lisa.qvarnstrom@yrkesco.se
59,Mikael,Rosén,mikael.rosen@yrkesco.se
60,Nora,Sundell,nora.sundell@yrkesco.se
61,Olle,Tideman,olle.tideman@yrkesco.se
62,Paula,Vikström,paula.vikstrom@yrkesco.se
63,Rikard,Westin,rikard.westin@yrkesco.se
64,Stina,Ågren,stina.agren@yrkesco.se
65,Ted,Österberg,ted.osterberg@yrkesco.se
66,Victor,Lindgren,victor.lindgren@yrkesco.se
